NAME,GEOID,totpop_16,totpop_17,totpop_18
"Census Tract 1803.01, Humacao Municipio, Puerto Rico",72069180301,191,186,150
"Census Tract 1803.02, Humacao Municipio, Puerto Rico",72069180302,255,229,200
"Census Tract 1804, Humacao Municipio, Puerto Rico",72069180400,287,258,250
"Census Tract 1805, Humacao Municipio, Puerto Rico",72069180500,190,202,200
"Census Tract 1806, Humacao Municipio, Puerto Rico",72069180600,247,216,200
"Census Tract 1807, Humacao Municipio, Puerto Rico",72069180700,333,296,250
"Census Tract 1808, Humacao Municipio, Puerto Rico",72069180800,220,194,150
"Census Tract 1809.01, Humacao Municipio, Puerto Rico",72069180901,163,153,150
"Census Tract 1809.02, Humacao Municipio, Puerto Rico",72069180902,244,219,250
"Census Tract 9918, Humacao Municipio, Puerto Rico",72069991800,0,0,0
"Census Tract 4101, Isabela Municipio, Puerto Rico",72071410100,247,243,250
"Census Tract 4102, Isabela Municipio, Puerto Rico",72071410200,191,180,150
"Census Tract 4103, Isabela Municipio, Puerto Rico",72071410300,165,165,150
"Census Tract 4104.01, Isabela Municipio, Puerto Rico",72071410401,255,236,250
"Census Tract 4104.02, Isabela Municipio, Puerto Rico",72071410402,312,297,300
"Census Tract 4105, Isabela Municipio, Puerto Rico",72071410500,281,261,250
"Census Tract 4106, Isabela Municipio, Puerto Rico",72071410600,162,151,150
"Census Tract 4107.01, Isabela Municipio, Puerto Rico",72071410701,212,191,150
"Census Tract 4107.02, Isabela Municipio, Puerto Rico",72071410702,298,265,250
"Census Tract 9900, Isabela Municipio, Puerto Rico",72071990000,0,0,0
"Census Tract 9560, Jayuya Municipio, Puerto Rico",72073956000,219,192,200
"Census Tract 9561, Jayuya Municipio, Puerto Rico",72073956100,260,245,250
"Census Tract 9562, Jayuya Municipio, Puerto Rico",72073956200,294,267,300
"Census Tract 7101.02, Juana Diaz Municipio, Puerto Rico",72075710102,346,343,300
"Census Tract 7102, Juana Diaz Municipio, Puerto Rico",72075710200,377,316,300
"Census Tract 7103.01, Juana Diaz Municipio, Puerto Rico",72075710301,273,256,250
"Census Tract 7103.02, Juana Diaz Municipio, Puerto Rico",72075710302,297,273,300
"Census Tract 7104, Juana Diaz Municipio, Puerto Rico",72075710400,265,239,200
"Census Tract 7105, Juana Diaz Municipio, Puerto Rico",72075710500,154,135,150
"Census Tract 7106, Juana Diaz Municipio, Puerto Rico",72075710600,251,228,200
"Census Tract 7107, Juana Diaz Municipio, Puerto Rico",72075710700,216,211,200
"Census Tract 7108, Juana Diaz Municipio, Puerto Rico",72075710800,267,236,250
"Census Tract 7109.01, Juana Diaz Municipio, Puerto Rico",72075710901,364,303,300
"Census Tract 7109.02, Juana Diaz Municipio, Puerto Rico",72075710902,374,331,350
"Census Tract 7110.02, Juana Diaz Municipio, Puerto Rico",72075711002,280,257,250
"Census Tract 9900.01, Juana Diaz Municipio, Puerto Rico",72075990001,0,0,0
"Census Tract 5001, Juncos Municipio, Puerto Rico",72077500100,304,271,250
"Census Tract 5002, Juncos Municipio, Puerto Rico",72077500200,196,175,200
"Census Tract 5003.01, Juncos Municipio, Puerto Rico",72077500301,301,265,250
"Census Tract 5003.02, Juncos Municipio, Puerto Rico",72077500302,229,198,200
"Census Tract 5004.01, Juncos Municipio, Puerto Rico",72077500401,362,318,300
"Census Tract 5004.02, Juncos Municipio, Puerto Rico",72077500402,281,253,250
"Census Tract 8501.01, Lajas Municipio, Puerto Rico",72079850101,241,217,200
"Census Tract 8501.02, Lajas Municipio, Puerto Rico",72079850102,257,230,250
"Census Tract 8502, Lajas Municipio, Puerto Rico",72079850200,337,310,300
"Census Tract 8503, Lajas Municipio, Puerto Rico",72079850300,248,239,250
"Census Tract 8504, Lajas Municipio, Puerto Rico",72079850400,190,166,150
"Census Tract 9911, Lajas Municipio, Puerto Rico",72079991100,0,0,0
"Census Tract 9577, Lares Municipio, Puerto Rico",72081957700,286,271,250
"Census Tract 9578, Lares Municipio, Puerto Rico",72081957800,270,242,250
"Census Tract 9579, Lares Municipio, Puerto Rico",72081957900,328,291,300
"Census Tract 9580, Lares Municipio, Puerto Rico",72081958000,193,184,150
"Census Tract 9581, Lares Municipio, Puerto Rico",72081958100,249,235,200
"Census Tract 9582, Lares Municipio, Puerto Rico",72081958200,220,207,200
"Census Tract 9583, Lares Municipio, Puerto Rico",72081958300,153,140,150
"Census Tract 9584, Lares Municipio, Puerto Rico",72081958400,193,181,200
"Census Tract 9597, Las Marias Municipio, Puerto Rico",72083959700,319,309,250
"Census Tract 9598, Las Marias Municipio, Puerto Rico",72083959800,158,132,150
"Census Tract 9599, Las Marias Municipio, Puerto Rico",72083959900,213,186,200
"Census Tract 1901.01, Las Piedras Municipio, Puerto Rico",72085190101,296,276,300
"Census Tract 1901.02, Las Piedras Municipio, Puerto Rico",72085190102,316,269,250
"Census Tract 1902.01, Las Piedras Municipio, Puerto Rico",72085190201,282,237,250
"Census Tract 1902.02, Las Piedras Municipio, Puerto Rico",72085190202,243,232,250
"Census Tract 1903.01, Las Piedras Municipio, Puerto Rico",72085190301,300,272,250
"Census Tract 1903.02, Las Piedras Municipio, Puerto Rico",72085190302,330,288,300
"Census Tract 1101.01, Loiza Municipio, Puerto Rico",72087110101,174,167,150
"Census Tract 1101.02, Loiza Municipio, Puerto Rico",72087110102,226,192,200
"Census Tract 1102, Loiza Municipio, Puerto Rico",72087110200,182,181,150
"Census Tract 1103.01, Loiza Municipio, Puerto Rico",72087110301,277,237,250
"Census Tract 1103.02, Loiza Municipio, Puerto Rico",72087110302,245,232,250
"Census Tract 1103.03, Loiza Municipio, Puerto Rico",72087110303,334,312,300
"Census Tract 1103.04, Loiza Municipio, Puerto Rico",72087110304,290,259,250
"Census Tract 1104, Loiza Municipio, Puerto Rico",72087110400,213,198,200
"Census Tract 1105, Loiza Municipio, Puerto Rico",72087110500,115,113,100
"Census Tract 1106, Loiza Municipio, Puerto Rico",72087110600,252,235,200
"Census Tract 9900, Loiza Municipio, Puerto Rico",72087990000,0,0,0
"Census Tract 1401.01, Luquillo Municipio, Puerto Rico",72089140101,233,220,250
"Census Tract 1401.02, Luquillo Municipio, Puerto Rico",72089140102,230,206,200
"Census Tract 1402.01, Luquillo Municipio, Puerto Rico",72089140201,135,125,150
"Census Tract 1402.02, Luquillo Municipio, Puerto Rico",72089140202,335,293,300
"Census Tract 1403, Luquillo Municipio, Puerto Rico",72089140300,359,337,300
"Census Tract 9900.01, Luquillo Municipio, Puerto Rico",72089990001,0,0,0
"Census Tract 5701, Manati Municipio, Puerto Rico",72091570100,291,267,250
"Census Tract 5702.01, Manati Municipio, Puerto Rico",72091570201,382,352,350
"Census Tract 5702.02, Manati Municipio, Puerto Rico",72091570202,220,217,250
"Census Tract 5703, Manati Municipio, Puerto Rico",72091570300,281,236,250
"Census Tract 5704, Manati Municipio, Puerto Rico",72091570400,260,236,250
"Census Tract 5705, Manati Municipio, Puerto Rico",72091570500,364,346,350
"Census Tract 5706, Manati Municipio, Puerto Rico",72091570600,246,229,200
"Census Tract 5707, Manati Municipio, Puerto Rico",72091570700,296,285,300
"Census Tract 5708, Manati Municipio, Puerto Rico",72091570800,285,255,250
"Census Tract 9900.25, Manati Municipio, Puerto Rico",72091990025,0,0,0
"Census Tract 9601, Maricao Municipio, Puerto Rico",72093960100,272,264,250
"Census Tract 9602, Maricao Municipio, Puerto Rico",72093960200,217,199,200
"Census Tract 9514, Maunabo Municipio, Puerto Rico",72095951400,287,267,250
"Census Tract 9515, Maunabo Municipio, Puerto Rico",72095951500,168,154,150
"Census Tract 9516, Maunabo Municipio, Puerto Rico",72095951600,205,183,200
"Census Tract 9900, Maunabo Municipio, Puerto Rico",72095990000,0,0,0
"Census Tract 801, Mayaguez Municipio, Puerto Rico",72097080100,112,102,100
"Census Tract 802, Mayaguez Municipio, Puerto Rico",72097080200,158,148,150
"Census Tract 803, Mayaguez Municipio, Puerto Rico",72097080300,253,234,250
"Census Tract 804, Mayaguez Municipio, Puerto Rico",72097080400,129,120,150
"Census Tract 805, Mayaguez Municipio, Puerto Rico",72097080500,132,132,150
"Census Tract 806, Mayaguez Municipio, Puerto Rico",72097080600,131,130,100
"Census Tract 808, Mayaguez Municipio, Puerto Rico",72097080800,233,201,200
"Census Tract 809, Mayaguez Municipio, Puerto Rico",72097080900,126,118,100
"Census Tract 810, Mayaguez Municipio, Puerto Rico",72097081000,132,119,100
"Census Tract 811, Mayaguez Municipio, Puerto Rico",72097081100,104,108,100
"Census Tract 812, Mayaguez Municipio, Puerto Rico",72097081200,202,196,200
"Census Tract 813, Mayaguez Municipio, Puerto Rico",72097081300,175,159,150
"Census Tract 815.01, Mayaguez Municipio, Puerto Rico",72097081501,307,305,300
"Census Tract 815.12, Mayaguez Municipio, Puerto Rico",72097081512,234,235,250
"Census Tract 815.22, Mayaguez Municipio, Puerto Rico",72097081522,280,259,250
"Census Tract 816.01, Mayaguez Municipio, Puerto Rico",72097081601,323,284,300
"Census Tract 816.02, Mayaguez Municipio, Puerto Rico",72097081602,238,215,200
"Census Tract 817, Mayaguez Municipio, Puerto Rico",72097081700,237,193,200
"Census Tract 818, Mayaguez Municipio, Puerto Rico",72097081800,245,234,250
"Census Tract 819, Mayaguez Municipio, Puerto Rico",72097081900,207,174,150
"Census Tract 820.01, Mayaguez Municipio, Puerto Rico",72097082001,237,227,250
"Census Tract 820.12, Mayaguez Municipio, Puerto Rico",72097082012,193,185,150
"Census Tract 820.22, Mayaguez Municipio, Puerto Rico",72097082022,250,226,200
"Census Tract 821.02, Mayaguez Municipio, Puerto Rico",72097082102,253,232,200
"Census Tract 821.03, Mayaguez Municipio, Puerto Rico",72097082103,305,279,250
"Census Tract 821.04, Mayaguez Municipio, Puerto Rico",72097082104,198,185,150
"Census Tract 9900, Mayaguez Municipio, Puerto Rico",72097990000,0,0,0
"Census Tract 4201, Moca Municipio, Puerto Rico",72099420100,281,267,300
"Census Tract 4202, Moca Municipio, Puerto Rico",72099420200,277,272,250
"Census Tract 4203.01, Moca Municipio, Puerto Rico",72099420301,202,199,200
"Census Tract 4203.02, Moca Municipio, Puerto Rico",72099420302,256,243,250
"Census Tract 4204.01, Moca Municipio, Puerto Rico",72099420401,239,248,250
"Census Tract 4204.02, Moca Municipio, Puerto Rico",72099420402,322,258,250
"Census Tract 4205, Moca Municipio, Puerto Rico",72099420500,236,217,250
"Census Tract 9552.01, Morovis Municipio, Puerto Rico",72101955201,299,291,300
"Census Tract 5606, Vega Baja Municipio, Puerto Rico",72145560600,201,171,200
"Census Tract 5607.01, Vega Baja Municipio, Puerto Rico",72145560701,241,228,200
"Census Tract 5607.02, Vega Baja Municipio, Puerto Rico",72145560702,212,184,200
"Census Tract 5608.01, Vega Baja Municipio, Puerto Rico",72145560801,156,124,150
"Census Tract 5608.02, Vega Baja Municipio, Puerto Rico",72145560802,238,187,200
"Census Tract 5609, Vega Baja Municipio, Puerto Rico",72145560900,315,295,300
"Census Tract 9900, Vega Baja Municipio, Puerto Rico",72145990000,0,0,0
"Census Tract 9505, Vieques Municipio, Puerto Rico",72147950500,141,109,100
"Census Tract 9506, Vieques Municipio, Puerto Rico",72147950600,174,171,200
"Census Tract 9900, Vieques Municipio, Puerto Rico",72147990000,0,0,0
"Census Tract 7201, Villalba Municipio, Puerto Rico",72149720100,322,301,300
"Census Tract 7203, Villalba Municipio, Puerto Rico",72149720300,393,368,300
"Census Tract 7204, Villalba Municipio, Puerto Rico",72149720400,249,236,200
"Census Tract 7205.02, Villalba Municipio, Puerto Rico",72149720502,252,214,200
"Census Tract 7205.03, Villalba Municipio, Puerto Rico",72149720503,302,305,300
"Census Tract 7205.04, Villalba Municipio, Puerto Rico",72149720504,270,246,250
"Census Tract 9506, Yabucoa Municipio, Puerto Rico",72151950600,230,197,200
"Census Tract 9507, Yabucoa Municipio, Puerto Rico",72151950700,156,142,150
"Census Tract 9508, Yabucoa Municipio, Puerto Rico",72151950800,251,218,200
"Census Tract 9509, Yabucoa Municipio, Puerto Rico",72151950900,327,297,300
"Census Tract 9510, Yabucoa Municipio, Puerto Rico",72151951000,204,191,150
"Census Tract 9511, Yabucoa Municipio, Puerto Rico",72151951100,246,231,250
"Census Tract 9512, Yabucoa Municipio, Puerto Rico",72151951200,243,211,200
"Census Tract 9513, Yabucoa Municipio, Puerto Rico",72151951300,309,286,250
"Census Tract 9900, Yabucoa Municipio, Puerto Rico",72151990000,0,0,0
"Census Tract 7501.01, Yauco Municipio, Puerto Rico",72153750101,150,138,150
"Census Tract 7501.02, Yauco Municipio, Puerto Rico",72153750102,183,165,150
"Census Tract 7502.01, Yauco Municipio, Puerto Rico",72153750201,193,164,150
"Census Tract 7502.02, Yauco Municipio, Puerto Rico",72153750202,217,196,200
"Census Tract 7503, Yauco Municipio, Puerto Rico",72153750300,253,233,200
"Census Tract 7504, Yauco Municipio, Puerto Rico",72153750400,188,175,150
"Census Tract 7505.01, Yauco Municipio, Puerto Rico",72153750501,375,339,350
"Census Tract 7505.02, Yauco Municipio, Puerto Rico",72153750502,208,214,250
"Census Tract 7505.03, Yauco Municipio, Puerto Rico",72153750503,213,187,200
"Census Tract 7506.01, Yauco Municipio, Puerto Rico",72153750601,256,218,200
"Census Tract 7506.02, Yauco Municipio, Puerto Rico",72153750602,159,155,150
"Census Tract 9552.02, Morovis Municipio, Puerto Rico",72101955202,325,309,300
"Census Tract 9553, Morovis Municipio, Puerto Rico",72101955300,303,282,300
"Census Tract 9554.01, Morovis Municipio, Puerto Rico",72101955401,236,240,250
"Census Tract 9554.02, Morovis Municipio, Puerto Rico",72101955402,201,209,200
"Census Tract 9555, Morovis Municipio, Puerto Rico",72101955500,254,247,200
"Census Tract 1701, Naguabo Municipio, Puerto Rico",72103170100,226,193,200
"Census Tract 1702, Naguabo Municipio, Puerto Rico",72103170200,259,223,250
"Census Tract 1703, Naguabo Municipio, Puerto Rico",72103170300,185,191,200
"Census Tract 1704, Naguabo Municipio, Puerto Rico",72103170400,257,230,250
"Census Tract 9900.13, Naguabo Municipio, Puerto Rico",72103990013,0,0,0
"Census Tract 5201, Naranjito Municipio, Puerto Rico",72105520100,342,299,250
"Census Tract 5202, Naranjito Municipio, Puerto Rico",72105520200,318,281,250
"Census Tract 5203, Naranjito Municipio, Puerto Rico",72105520300,249,235,200
"Census Tract 5204, Naranjito Municipio, Puerto Rico",72105520400,312,278,250
"Census Tract 5205, Naranjito Municipio, Puerto Rico",72105520500,305,265,250
"Census Tract 9548.01, Orocovis Municipio, Puerto Rico",72107954801,243,219,200
"Census Tract 9548.02, Orocovis Municipio, Puerto Rico",72107954802,165,152,150
"Census Tract 9549.01, Orocovis Municipio, Puerto Rico",72107954901,222,193,200
"Census Tract 9549.02, Orocovis Municipio, Puerto Rico",72107954902,210,196,200
"Census Tract 9550.01, Orocovis Municipio, Puerto Rico",72107955001,327,303,300
"Census Tract 9550.02, Orocovis Municipio, Puerto Rico",72107955002,200,177,200
"Census Tract 9551, Orocovis Municipio, Puerto Rico",72107955100,209,195,200
"Census Tract 2901, Patillas Municipio, Puerto Rico",72109290100,205,194,200
"Census Tract 2902, Patillas Municipio, Puerto Rico",72109290200,217,193,150
"Census Tract 2903, Patillas Municipio, Puerto Rico",72109290300,301,288,300
"Census Tract 2904, Patillas Municipio, Puerto Rico",72109290400,222,197,200
"Census Tract 9900, Patillas Municipio, Puerto Rico",72109990000,0,0,0
"Census Tract 7301, Pe?uelas Municipio, Puerto Rico",72111730100,385,314,300
"Census Tract 7302, Pe?uelas Municipio, Puerto Rico",72111730200,266,242,250
"Census Tract 7303, Pe?uelas Municipio, Puerto Rico",72111730300,313,258,250
"Census Tract 7304, Pe?uelas Municipio, Puerto Rico",72111730400,267,241,250
"Census Tract 7307, Pe?uelas Municipio, Puerto Rico",72111730700,285,279,250
"Census Tract 7308, Pe?uelas Municipio, Puerto Rico",72111730800,200,191,200
"Census Tract 9900, Pe?uelas Municipio, Puerto Rico",72111990000,0,0,0
"Census Tract 701, Ponce Municipio, Puerto Rico",72113070100,332,332,300
"Census Tract 702.01, Ponce Municipio, Puerto Rico",72113070201,222,187,200
"Census Tract 702.02, Ponce Municipio, Puerto Rico",72113070202,162,129,100
"Census Tract 703, Ponce Municipio, Puerto Rico",72113070300,204,190,200
"Census Tract 704, Ponce Municipio, Puerto Rico",72113070400,166,171,150
"Census Tract 705.02, Ponce Municipio, Puerto Rico",72113070502,276,253,250
"Census Tract 705.03, Ponce Municipio, Puerto Rico",72113070503,310,285,300
"Census Tract 705.13, Ponce Municipio, Puerto Rico",72113070513,211,190,200
"Census Tract 705.14, Ponce Municipio, Puerto Rico",72113070514,214,202,200
"Census Tract 705.22, Ponce Municipio, Puerto Rico",72113070522,251,227,250
"Census Tract 708, Ponce Municipio, Puerto Rico",72113070800,177,150,150
"Census Tract 709, Ponce Municipio, Puerto Rico",72113070900,153,129,100
"Census Tract 710, Ponce Municipio, Puerto Rico",72113071000,186,176,150
"Census Tract 712, Ponce Municipio, Puerto Rico",72113071200,183,172,150
"Census Tract 713, Ponce Municipio, Puerto Rico",72113071300,262,239,250
"Census Tract 714.01, Ponce Municipio, Puerto Rico",72113071401,292,277,300
"Census Tract 714.02, Ponce Municipio, Puerto Rico",72113071402,330,284,300
"Census Tract 715, Ponce Municipio, Puerto Rico",72113071500,296,259,250
"Census Tract 716.01, Ponce Municipio, Puerto Rico",72113071601,202,175,150
"Census Tract 716.02, Ponce Municipio, Puerto Rico",72113071602,247,217,200
"Census Tract 717, Ponce Municipio, Puerto Rico",72113071700,164,148,150
"Census Tract 718, Ponce Municipio, Puerto Rico",72113071800,139,132,150
"Census Tract 719, Ponce Municipio, Puerto Rico",72113071900,336,310,300
"Census Tract 720, Ponce Municipio, Puerto Rico",72113072000,267,261,250
"Census Tract 721.01, Ponce Municipio, Puerto Rico",72113072101,209,187,200
"Census Tract 721.02, Ponce Municipio, Puerto Rico",72113072102,204,191,200
"Census Tract 722.01, Ponce Municipio, Puerto Rico",72113072201,275,278,300
"Census Tract 722.02, Ponce Municipio, Puerto Rico",72113072202,361,349,300
"Census Tract 723, Ponce Municipio, Puerto Rico",72113072300,152,142,150
"Census Tract 724, Ponce Municipio, Puerto Rico",72113072400,241,222,200
"Census Tract 725, Ponce Municipio, Puerto Rico",72113072500,274,247,250
"Census Tract 726, Ponce Municipio, Puerto Rico",72113072600,227,186,200
"Census Tract 727.01, Ponce Municipio, Puerto Rico",72113072701,298,294,250
"Census Tract 727.03, Ponce Municipio, Puerto Rico",72113072703,344,327,300
"Census Tract 727.04, Ponce Municipio, Puerto Rico",72113072704,239,210,200
"Census Tract 729, Ponce Municipio, Puerto Rico",72113072900,299,262,250
"Census Tract 730.01, Ponce Municipio, Puerto Rico",72113073001,227,193,200
"Census Tract 730.02, Ponce Municipio, Puerto Rico",72113073002,319,296,300
"Census Tract 730.03, Ponce Municipio, Puerto Rico",72113073003,229,224,250
"Census Tract 730.04, Ponce Municipio, Puerto Rico",72113073004,270,250,250
"Census Tract 730.05, Ponce Municipio, Puerto Rico",72113073005,267,226,250
"Census Tract 730.06, Ponce Municipio, Puerto Rico",72113073006,240,207,200
"Census Tract 730.08, Ponce Municipio, Puerto Rico",72113073008,597,503,500
"Census Tract 730.09, Ponce Municipio, Puerto Rico",72113073009,310,298,300
"Census Tract 730.10, Ponce Municipio, Puerto Rico",72113073010,277,239,250
"Census Tract 9930, Ponce Municipio, Puerto Rico",72113993000,0,0,0
"Census Tract 3301, Quebradillas Municipio, Puerto Rico",72115330100,278,261,250
"Census Tract 3302, Quebradillas Municipio, Puerto Rico",72115330200,237,201,200
"Census Tract 3303, Quebradillas Municipio, Puerto Rico",72115330300,366,317,300
"Census Tract 3304, Quebradillas Municipio, Puerto Rico",72115330400,221,197,200
"Census Tract 9900, Quebradillas Municipio, Puerto Rico",72115990000,0,0,0
"Census Tract 9594, Rincon Municipio, Puerto Rico",72117959400,347,290,300
"Census Tract 9595, Rincon Municipio, Puerto Rico",72117959500,204,166,150
"Census Tract 9596, Rincon Municipio, Puerto Rico",72117959600,279,250,250
"Census Tract 9904, Rincon Municipio, Puerto Rico",72117990400,0,0,0
"Census Tract 1301.01, Rio Grande Municipio, Puerto Rico",72119130101,206,194,200
"Census Tract 1301.02, Rio Grande Municipio, Puerto Rico",72119130102,329,316,300
"Census Tract 1302, Rio Grande Municipio, Puerto Rico",72119130200,251,247,250
"Census Tract 1303, Rio Grande Municipio, Puerto Rico",72119130300,271,255,250
"Census Tract 1304.01, Rio Grande Municipio, Puerto Rico",72119130401,204,193,200
"Census Tract 1304.02, Rio Grande Municipio, Puerto Rico",72119130402,350,305,300
"Census Tract 1305, Rio Grande Municipio, Puerto Rico",72119130500,259,233,250
"Census Tract 1306.01, Rio Grande Municipio, Puerto Rico",72119130601,217,211,200
"Census Tract 1306.02, Rio Grande Municipio, Puerto Rico",72119130602,429,357,350
"Census Tract 1307.01, Rio Grande Municipio, Puerto Rico",72119130701,289,254,250
"Census Tract 1307.02, Rio Grande Municipio, Puerto Rico",72119130702,337,305,300
"Census Tract 9927, Rio Grande Municipio, Puerto Rico",72119992700,0,0,0
"Census Tract 9603, Sabana Grande Municipio, Puerto Rico",72121960300,193,193,200
"Census Tract 9604, Sabana Grande Municipio, Puerto Rico",72121960400,260,258,250
"Census Tract 9605, Sabana Grande Municipio, Puerto Rico",72121960500,156,144,150
"Census Tract 9606, Sabana Grande Municipio, Puerto Rico",72121960600,289,258,250
"Census Tract 9607, Sabana Grande Municipio, Puerto Rico",72121960700,332,310,300
"Census Tract 9608, Sabana Grande Municipio, Puerto Rico",72121960800,221,204,200
"Census Tract 9526, Salinas Municipio, Puerto Rico",72123952600,200,184,150
"Census Tract 9527, Salinas Municipio, Puerto Rico",72123952700,227,209,200
"Census Tract 9528, Salinas Municipio, Puerto Rico",72123952800,264,235,200
"Census Tract 9529, Salinas Municipio, Puerto Rico",72123952900,367,306,350
"Census Tract 9530, Salinas Municipio, Puerto Rico",72123953000,172,169,150
"Census Tract 9531, Salinas Municipio, Puerto Rico",72123953100,255,238,250
"Census Tract 9532, Salinas Municipio, Puerto Rico",72123953200,270,255,250
"Census Tract 9928, Salinas Municipio, Puerto Rico",72123992800,0,0,0
"Census Tract 8401, San German Municipio, Puerto Rico",72125840100,260,236,250
"Census Tract 8402, San German Municipio, Puerto Rico",72125840200,266,232,250
"Census Tract 8403, San German Municipio, Puerto Rico",72125840300,303,279,250
"Census Tract 8404, San German Municipio, Puerto Rico",72125840400,241,218,200
"Census Tract 8405, San German Municipio, Puerto Rico",72125840500,411,376,400
"Census Tract 8406, San German Municipio, Puerto Rico",72125840600,280,250,250
"Census Tract 8407, San German Municipio, Puerto Rico",72125840700,292,275,250
"Census Tract 4, San Juan Municipio, Puerto Rico",72127000400,155,159,150
"Census Tract 5.06, San Juan Municipio, Puerto Rico",72127000506,122,131,150
"Census Tract 6, San Juan Municipio, Puerto Rico",72127000600,202,184,150
"Census Tract 7, San Juan Municipio, Puerto Rico",72127000700,270,262,250
"Census Tract 9, San Juan Municipio, Puerto Rico",72127000900,190,178,200
"Census Tract 10, San Juan Municipio, Puerto Rico",72127001000,207,197,200
"Census Tract 11, San Juan Municipio, Puerto Rico",72127001100,176,166,150
"Census Tract 12, San Juan Municipio, Puerto Rico",72127001200,139,121,100
"Census Tract 13.01, San Juan Municipio, Puerto Rico",72127001301,200,213,200
"Census Tract 13.02, San Juan Municipio, Puerto Rico",72127001302,315,294,300
"Census Tract 14, San Juan Municipio, Puerto Rico",72127001400,131,118,100
"Census Tract 9563, Adjuntas Municipio, Puerto Rico",72001956300,283,263,250
"Census Tract 9564, Adjuntas Municipio, Puerto Rico",72001956400,182,159,150
"Census Tract 9565, Adjuntas Municipio, Puerto Rico",72001956500,189,168,150
"Census Tract 9566, Adjuntas Municipio, Puerto Rico",72001956600,256,228,200
"Census Tract 9567, Adjuntas Municipio, Puerto Rico",72001956700,248,211,200
"Census Tract 9568, Adjuntas Municipio, Puerto Rico",72001956800,298,259,250
"Census Tract 4301, Aguada Municipio, Puerto Rico",72003430100,275,252,250
"Census Tract 4302, Aguada Municipio, Puerto Rico",72003430200,236,205,200
"Census Tract 4303, Aguada Municipio, Puerto Rico",72003430300,152,148,150
"Census Tract 4304.01, Aguada Municipio, Puerto Rico",72003430401,313,275,250
"Census Tract 4304.02, Aguada Municipio, Puerto Rico",72003430402,274,254,250
"Census Tract 4305.01, Aguada Municipio, Puerto Rico",72003430501,197,181,200
"Census Tract 4305.02, Aguada Municipio, Puerto Rico",72003430502,315,281,300
"Census Tract 4306.01, Aguada Municipio, Puerto Rico",72003430601,227,232,250
"Census Tract 4306.02, Aguada Municipio, Puerto Rico",72003430602,211,199,200
"Census Tract 9900, Aguada Municipio, Puerto Rico",72003990000,0,0,0
"Census Tract 4001, Aguadilla Municipio, Puerto Rico",72005400100,179,167,150
"Census Tract 4003, Aguadilla Municipio, Puerto Rico",72005400300,269,277,250
"Census Tract 4004, Aguadilla Municipio, Puerto Rico",72005400400,282,234,250
"Census Tract 4005.01, Aguadilla Municipio, Puerto Rico",72005400501,282,272,250
"Census Tract 4005.02, Aguadilla Municipio, Puerto Rico",72005400502,259,236,250
"Census Tract 4006, Aguadilla Municipio, Puerto Rico",72005400600,208,206,200
"Census Tract 4007, Aguadilla Municipio, Puerto Rico",72005400700,192,191,200
"Census Tract 4008, Aguadilla Municipio, Puerto Rico",72005400800,153,132,150
"Census Tract 4009, Aguadilla Municipio, Puerto Rico",72005400900,157,154,150
"Census Tract 15, San Juan Municipio, Puerto Rico",72127001500,156,155,150
"Census Tract 16, San Juan Municipio, Puerto Rico",72127001600,163,143,150
"Census Tract 18, San Juan Municipio, Puerto Rico",72127001800,138,143,150
"Census Tract 19, San Juan Municipio, Puerto Rico",72127001900,274,253,250
"Census Tract 20.02, San Juan Municipio, Puerto Rico",72127002002,142,130,100
"Census Tract 21, San Juan Municipio, Puerto Rico",72127002100,97,77,80
"Census Tract 22, San Juan Municipio, Puerto Rico",72127002200,162,146,150
"Census Tract 23, San Juan Municipio, Puerto Rico",72127002300,123,81,80
"Census Tract 24, San Juan Municipio, Puerto Rico",72127002400,293,281,250
"Census Tract 25, San Juan Municipio, Puerto Rico",72127002500,165,155,150
"Census Tract 26, San Juan Municipio, Puerto Rico",72127002600,138,139,100
"Census Tract 28, San Juan Municipio, Puerto Rico",72127002800,151,145,100
"Census Tract 29, San Juan Municipio, Puerto Rico",72127002900,161,159,150
"Census Tract 30, San Juan Municipio, Puerto Rico",72127003000,170,160,150
"Census Tract 31, San Juan Municipio, Puerto Rico",72127003100,161,151,100
"Census Tract 32, San Juan Municipio, Puerto Rico",72127003200,211,205,200
"Census Tract 33, San Juan Municipio, Puerto Rico",72127003300,156,150,150
"Census Tract 34, San Juan Municipio, Puerto Rico",72127003400,219,197,200
"Census Tract 35.01, San Juan Municipio, Puerto Rico",72127003501,297,267,250
"Census Tract 35.02, San Juan Municipio, Puerto Rico",72127003502,150,134,100
"Census Tract 36, San Juan Municipio, Puerto Rico",72127003600,108,106,100
"Census Tract 37, San Juan Municipio, Puerto Rico",72127003700,284,267,200
"Census Tract 38, San Juan Municipio, Puerto Rico",72127003800,162,141,150
"Census Tract 39.02, San Juan Municipio, Puerto Rico",72127003902,242,234,250
"Census Tract 42, San Juan Municipio, Puerto Rico",72127004200,246,222,200
"Census Tract 43.06, San Juan Municipio, Puerto Rico",72127004306,159,153,150
"Census Tract 44, San Juan Municipio, Puerto Rico",72127004400,185,169,150
"Census Tract 45, San Juan Municipio, Puerto Rico",72127004500,222,183,200
"Census Tract 46, San Juan Municipio, Puerto Rico",72127004600,287,251,250
"Census Tract 47, San Juan Municipio, Puerto Rico",72127004700,191,180,200
"Census Tract 48, San Juan Municipio, Puerto Rico",72127004800,190,169,150
"Census Tract 49, San Juan Municipio, Puerto Rico",72127004900,198,166,150
"Census Tract 50, San Juan Municipio, Puerto Rico",72127005000,339,285,300
"Census Tract 51.01, San Juan Municipio, Puerto Rico",72127005101,245,235,250
"Census Tract 51.02, San Juan Municipio, Puerto Rico",72127005102,258,235,250
"Census Tract 51.03, San Juan Municipio, Puerto Rico",72127005103,228,203,200
"Census Tract 52.01, San Juan Municipio, Puerto Rico",72127005201,212,170,150
"Census Tract 52.02, San Juan Municipio, Puerto Rico",72127005202,205,189,150
"Census Tract 52.04, San Juan Municipio, Puerto Rico",72127005204,227,215,200
"Census Tract 52.14, San Juan Municipio, Puerto Rico",72127005214,274,241,250
"Census Tract 52.15, San Juan Municipio, Puerto Rico",72127005215,159,140,150
"Census Tract 53, San Juan Municipio, Puerto Rico",72127005300,206,182,150
"Census Tract 54.01, San Juan Municipio, Puerto Rico",72127005401,377,372,350
"Census Tract 54.02, San Juan Municipio, Puerto Rico",72127005402,173,152,150
"Census Tract 54.03, San Juan Municipio, Puerto Rico",72127005403,257,224,200
"Census Tract 4010, Aguadilla Municipio, Puerto Rico",72005401000,166,161,150
"Census Tract 4011, Aguadilla Municipio, Puerto Rico",72005401100,156,147,150
"Census Tract 4012, Aguadilla Municipio, Puerto Rico",72005401200,244,208,200
"Census Tract 4013.01, Aguadilla Municipio, Puerto Rico",72005401301,330,295,300
"Census Tract 4013.02, Aguadilla Municipio, Puerto Rico",72005401302,243,231,200
"Census Tract 4014.01, Aguadilla Municipio, Puerto Rico",72005401401,622,610,600
"Census Tract 4014.02, Aguadilla Municipio, Puerto Rico",72005401402,284,291,300
"Census Tract 9900, Aguadilla Municipio, Puerto Rico",72005990000,0,0,0
"Census Tract 2301, Aguas Buenas Municipio, Puerto Rico",72007230100,209,190,200
"Census Tract 2302, Aguas Buenas Municipio, Puerto Rico",72007230200,235,222,200
"Census Tract 2303, Aguas Buenas Municipio, Puerto Rico",72007230300,170,154,150
"Census Tract 2304, Aguas Buenas Municipio, Puerto Rico",72007230400,298,260,250
"Census Tract 2305.01, Aguas Buenas Municipio, Puerto Rico",72007230501,239,207,200
"Census Tract 2305.02, Aguas Buenas Municipio, Puerto Rico",72007230502,255,235,250
"Census Tract 2501, Aibonito Municipio, Puerto Rico",72009250100,208,181,200
"Census Tract 2502, Aibonito Municipio, Puerto Rico",72009250200,324,269,250
"Census Tract 2503, Aibonito Municipio, Puerto Rico",72009250300,225,208,200
"Census Tract 2504, Aibonito Municipio, Puerto Rico",72009250400,175,175,200
"Census Tract 2505, Aibonito Municipio, Puerto Rico",72009250500,330,309,300
"Census Tract 2506, Aibonito Municipio, Puerto Rico",72009250600,255,221,200
"Census Tract 8101, A?asco Municipio, Puerto Rico",72011810100,247,236,200
"Census Tract 8102, A?asco Municipio, Puerto Rico",72011810200,291,266,200
"Census Tract 8103, A?asco Municipio, Puerto Rico",72011810300,271,254,250
"Census Tract 8104, A?asco Municipio, Puerto Rico",72011810400,118,108,100
"Census Tract 8105, A?asco Municipio, Puerto Rico",72011810500,216,218,200
"Census Tract 8106, A?asco Municipio, Puerto Rico",72011810600,255,222,250
"Census Tract 8107, A?asco Municipio, Puerto Rico",72011810700,276,241,200
"Census Tract 9900, A?asco Municipio, Puerto Rico",72011990000,0,0,0
"Census Tract 3001.01, Arecibo Municipio, Puerto Rico",72013300101,313,281,300
"Census Tract 3001.02, Arecibo Municipio, Puerto Rico",72013300102,330,299,300
"Census Tract 3002, Arecibo Municipio, Puerto Rico",72013300200,239,222,200
"Census Tract 3003.01, Arecibo Municipio, Puerto Rico",72013300301,211,180,150
"Census Tract 3003.02, Arecibo Municipio, Puerto Rico",72013300302,202,182,150
"Census Tract 3004, Arecibo Municipio, Puerto Rico",72013300400,165,148,150
"Census Tract 3005, Arecibo Municipio, Puerto Rico",72013300500,142,123,90
"Census Tract 3007, Arecibo Municipio, Puerto Rico",72013300700,166,151,150
"Census Tract 3008, Arecibo Municipio, Puerto Rico",72013300800,222,185,200
"Census Tract 3010, Arecibo Municipio, Puerto Rico",72013301000,230,215,200
"Census Tract 3011, Arecibo Municipio, Puerto Rico",72013301100,294,281,250
"Census Tract 3012, Arecibo Municipio, Puerto Rico",72013301200,249,241,250
"Census Tract 3013, Arecibo Municipio, Puerto Rico",72013301300,239,225,200
"Census Tract 3014, Arecibo Municipio, Puerto Rico",72013301400,147,134,150
"Census Tract 3015, Arecibo Municipio, Puerto Rico",72013301500,228,216,200
"Census Tract 3016, Arecibo Municipio, Puerto Rico",72013301600,277,244,200
"Census Tract 55, San Juan Municipio, Puerto Rico",72127005500,223,188,200
"Census Tract 56.01, San Juan Municipio, Puerto Rico",72127005601,255,209,200
"Census Tract 56.02, San Juan Municipio, Puerto Rico",72127005602,301,272,250
"Census Tract 58, San Juan Municipio, Puerto Rico",72127005800,214,199,200
"Census Tract 59, San Juan Municipio, Puerto Rico",72127005900,187,156,150
"Census Tract 60, San Juan Municipio, Puerto Rico",72127006000,206,182,150
"Census Tract 61.01, San Juan Municipio, Puerto Rico",72127006101,173,165,150
"Census Tract 61.02, San Juan Municipio, Puerto Rico",72127006102,186,174,150
"Census Tract 62, San Juan Municipio, Puerto Rico",72127006200,230,222,200
"Census Tract 63, San Juan Municipio, Puerto Rico",72127006300,207,199,200
"Census Tract 65, San Juan Municipio, Puerto Rico",72127006500,219,195,200
"Census Tract 66, San Juan Municipio, Puerto Rico",72127006600,201,190,200
"Census Tract 67, San Juan Municipio, Puerto Rico",72127006700,178,178,200
"Census Tract 68, San Juan Municipio, Puerto Rico",72127006800,190,182,200
"Census Tract 69, San Juan Municipio, Puerto Rico",72127006900,243,227,250
"Census Tract 70.04, San Juan Municipio, Puerto Rico",72127007004,140,111,100
"Census Tract 71, San Juan Municipio, Puerto Rico",72127007100,311,253,250
"Census Tract 73, San Juan Municipio, Puerto Rico",72127007300,261,242,250
"Census Tract 74, San Juan Municipio, Puerto Rico",72127007400,223,209,200
"Census Tract 75, San Juan Municipio, Puerto Rico",72127007500,232,212,200
"Census Tract 76, San Juan Municipio, Puerto Rico",72127007600,162,177,200
"Census Tract 77, San Juan Municipio, Puerto Rico",72127007700,196,170,150
"Census Tract 78, San Juan Municipio, Puerto Rico",72127007800,216,191,200
"Census Tract 79, San Juan Municipio, Puerto Rico",72127007900,209,193,200
"Census Tract 80.01, San Juan Municipio, Puerto Rico",72127008001,268,257,250
"Census Tract 80.02, San Juan Municipio, Puerto Rico",72127008002,326,303,250
"Census Tract 81, San Juan Municipio, Puerto Rico",72127008100,215,205,200
"Census Tract 82.01, San Juan Municipio, Puerto Rico",72127008201,142,116,100
"Census Tract 82.02, San Juan Municipio, Puerto Rico",72127008202,151,143,150
"Census Tract 83, San Juan Municipio, Puerto Rico",72127008300,160,145,150
"Census Tract 84, San Juan Municipio, Puerto Rico",72127008400,309,261,250
"Census Tract 85, San Juan Municipio, Puerto Rico",72127008500,299,268,250
"Census Tract 86.01, San Juan Municipio, Puerto Rico",72127008601,168,158,150
"Census Tract 86.02, San Juan Municipio, Puerto Rico",72127008602,304,287,300
"Census Tract 86.03, San Juan Municipio, Puerto Rico",72127008603,211,183,150
"Census Tract 87, San Juan Municipio, Puerto Rico",72127008700,169,152,150
"Census Tract 89, San Juan Municipio, Puerto Rico",72127008900,149,125,150
"Census Tract 90, San Juan Municipio, Puerto Rico",72127009000,241,232,200
"Census Tract 91.11, San Juan Municipio, Puerto Rico",72127009111,238,215,200
"Census Tract 91.12, San Juan Municipio, Puerto Rico",72127009112,255,240,200
"Census Tract 91.21, San Juan Municipio, Puerto Rico",72127009121,308,273,300
"Census Tract 91.22, San Juan Municipio, Puerto Rico",72127009122,272,253,250
"Census Tract 91.23, San Juan Municipio, Puerto Rico",72127009123,316,278,250
"Census Tract 93, San Juan Municipio, Puerto Rico",72127009300,233,211,200
"Census Tract 94, San Juan Municipio, Puerto Rico",72127009400,224,197,200
"Census Tract 3017, Arecibo Municipio, Puerto Rico",72013301700,291,257,300
"Census Tract 3018, Arecibo Municipio, Puerto Rico",72013301800,135,146,150
"Census Tract 3019, Arecibo Municipio, Puerto Rico",72013301900,398,355,350
"Census Tract 3020, Arecibo Municipio, Puerto Rico",72013302000,181,182,200
"Census Tract 3021, Arecibo Municipio, Puerto Rico",72013302100,203,178,200
"Census Tract 3022.01, Arecibo Municipio, Puerto Rico",72013302201,291,271,250
"Census Tract 3022.02, Arecibo Municipio, Puerto Rico",72013302202,303,277,300
"Census Tract 3023, Arecibo Municipio, Puerto Rico",72013302300,467,407,400
"Census Tract 9929, Arecibo Municipio, Puerto Rico",72013992900,0,0,0
"Census Tract 2801.01, Arroyo Municipio, Puerto Rico",72015280101,255,247,200
"Census Tract 2801.02, Arroyo Municipio, Puerto Rico",72015280102,231,202,200
"Census Tract 2802.01, Arroyo Municipio, Puerto Rico",72015280201,296,278,250
"Census Tract 2802.02, Arroyo Municipio, Puerto Rico",72015280202,180,156,150
"Census Tract 9915, Arroyo Municipio, Puerto Rico",72015991500,0,0,0
"Census Tract 5901, Barceloneta Municipio, Puerto Rico",72017590100,233,218,200
"Census Tract 5902, Barceloneta Municipio, Puerto Rico",72017590200,203,193,200
"Census Tract 5903, Barceloneta Municipio, Puerto Rico",72017590300,292,248,250
"Census Tract 5904, Barceloneta Municipio, Puerto Rico",72017590400,212,187,200
"Census Tract 9900, Barceloneta Municipio, Puerto Rico",72017990000,0,0,0
"Census Tract 9522.01, Barranquitas Municipio, Puerto Rico",72019952201,340,312,300
"Census Tract 9522.02, Barranquitas Municipio, Puerto Rico",72019952202,341,308,300
"Census Tract 9523.01, Barranquitas Municipio, Puerto Rico",72019952301,231,194,200
"Census Tract 9523.02, Barranquitas Municipio, Puerto Rico",72019952302,228,206,200
"Census Tract 9524, Barranquitas Municipio, Puerto Rico",72019952400,129,117,100
"Census Tract 9525, Barranquitas Municipio, Puerto Rico",72019952500,255,236,250
"Census Tract 301.01, Bayamon Municipio, Puerto Rico",72021030101,1297,1280,1200
"Census Tract 301.03, Bayamon Municipio, Puerto Rico",72021030103,208,196,200
"Census Tract 301.04, Bayamon Municipio, Puerto Rico",72021030104,319,310,300
"Census Tract 301.05, Bayamon Municipio, Puerto Rico",72021030105,189,186,200
"Census Tract 302, Bayamon Municipio, Puerto Rico",72021030200,270,246,250
"Census Tract 303, Bayamon Municipio, Puerto Rico",72021030300,166,145,150
"Census Tract 307, Bayamon Municipio, Puerto Rico",72021030700,146,122,100
"Census Tract 308, Bayamon Municipio, Puerto Rico",72021030800,132,119,100
"Census Tract 309.01, Bayamon Municipio, Puerto Rico",72021030901,258,242,250
"Census Tract 309.02, Bayamon Municipio, Puerto Rico",72021030902,307,303,300
"Census Tract 309.03, Bayamon Municipio, Puerto Rico",72021030903,226,220,250
"Census Tract 309.04, Bayamon Municipio, Puerto Rico",72021030904,294,287,300
"Census Tract 310.04, Bayamon Municipio, Puerto Rico",72021031004,232,205,200
"Census Tract 310.05, Bayamon Municipio, Puerto Rico",72021031005,231,214,250
"Census Tract 310.11, Bayamon Municipio, Puerto Rico",72021031011,309,290,300
"Census Tract 310.13, Bayamon Municipio, Puerto Rico",72021031013,370,328,300
"Census Tract 310.21, Bayamon Municipio, Puerto Rico",72021031021,257,252,250
"Census Tract 310.23, Bayamon Municipio, Puerto Rico",72021031023,236,203,200
"Census Tract 310.31, Bayamon Municipio, Puerto Rico",72021031031,328,315,300
"Census Tract 96.01, San Juan Municipio, Puerto Rico",72127009601,187,185,200
"Census Tract 96.02, San Juan Municipio, Puerto Rico",72127009602,232,196,200
"Census Tract 96.03, San Juan Municipio, Puerto Rico",72127009603,187,173,200
"Census Tract 96.14, San Juan Municipio, Puerto Rico",72127009614,232,216,250
"Census Tract 96.24, San Juan Municipio, Puerto Rico",72127009624,322,293,250
"Census Tract 98, San Juan Municipio, Puerto Rico",72127009800,233,193,200
"Census Tract 99.01, San Juan Municipio, Puerto Rico",72127009901,283,256,250
"Census Tract 99.02, San Juan Municipio, Puerto Rico",72127009902,347,315,300
"Census Tract 99.03, San Juan Municipio, Puerto Rico",72127009903,315,306,300
"Census Tract 99.04, San Juan Municipio, Puerto Rico",72127009904,303,275,250
"Census Tract 100.01, San Juan Municipio, Puerto Rico",72127010001,264,237,250
"Census Tract 100.02, San Juan Municipio, Puerto Rico",72127010002,234,224,200
"Census Tract 100.12, San Juan Municipio, Puerto Rico",72127010012,236,220,250
"Census Tract 100.22, San Juan Municipio, Puerto Rico",72127010022,233,208,200
"Census Tract 100.32, San Juan Municipio, Puerto Rico",72127010032,216,196,200
"Census Tract 100.42, San Juan Municipio, Puerto Rico",72127010042,327,289,300
"Census Tract 101, San Juan Municipio, Puerto Rico",72127010100,370,353,350
"Census Tract 102, San Juan Municipio, Puerto Rico",72127010200,260,240,250
"Census Tract 105, San Juan Municipio, Puerto Rico",72127010500,149,141,150
"Census Tract 9800, San Juan Municipio, Puerto Rico",72127980000,,,
"Census Tract 9801.01, San Juan Municipio, Puerto Rico",72127980101,0,0,0
"Census Tract 9801.02, San Juan Municipio, Puerto Rico",72127980102,0,0,0
"Census Tract 9801.03, San Juan Municipio, Puerto Rico",72127980103,185,153,150
"Census Tract 9801.04, San Juan Municipio, Puerto Rico",72127980104,0,0,0
"Census Tract 9801.05, San Juan Municipio, Puerto Rico",72127980105,0,0,0
"Census Tract 9801.07, San Juan Municipio, Puerto Rico",72127980107,0,0,0
"Census Tract 9801.08, San Juan Municipio, Puerto Rico",72127980108,0,0,0
"Census Tract 9802, San Juan Municipio, Puerto Rico",72127980200,9,,
"Census Tract 9803, San Juan Municipio, Puerto Rico",72127980300,0,0,0
"Census Tract 9900, San Juan Municipio, Puerto Rico",72127990000,0,0,0
"Census Tract 2201, San Lorenzo Municipio, Puerto Rico",72129220100,285,245,250
"Census Tract 2202, San Lorenzo Municipio, Puerto Rico",72129220200,243,217,200
"Census Tract 2203, San Lorenzo Municipio, Puerto Rico",72129220300,186,170,150
"Census Tract 2204.01, San Lorenzo Municipio, Puerto Rico",72129220401,317,281,300
"Census Tract 2204.02, San Lorenzo Municipio, Puerto Rico",72129220402,341,316,300
"Census Tract 2205.01, San Lorenzo Municipio, Puerto Rico",72129220501,224,199,200
"Census Tract 2205.02, San Lorenzo Municipio, Puerto Rico",72129220502,279,250,200
"Census Tract 2206, San Lorenzo Municipio, Puerto Rico",72129220600,177,156,150
"Census Tract 2207, San Lorenzo Municipio, Puerto Rico",72129220700,195,177,150
"Census Tract 92, San Sebastian Municipio, Puerto Rico",72131009200,129,130,150
"Census Tract 9585, San Sebastian Municipio, Puerto Rico",72131958500,280,284,250
"Census Tract 9587, San Sebastian Municipio, Puerto Rico",72131958700,197,196,200
"Census Tract 9588, San Sebastian Municipio, Puerto Rico",72131958800,260,259,250
"Census Tract 9589, San Sebastian Municipio, Puerto Rico",72131958900,195,170,150
"Census Tract 310.32, Bayamon Municipio, Puerto Rico",72021031032,282,281,250
"Census Tract 310.33, Bayamon Municipio, Puerto Rico",72021031033,307,305,300
"Census Tract 311.01, Bayamon Municipio, Puerto Rico",72021031101,196,169,150
"Census Tract 311.13, Bayamon Municipio, Puerto Rico",72021031113,318,282,250
"Census Tract 311.14, Bayamon Municipio, Puerto Rico",72021031114,219,202,200
"Census Tract 311.21, Bayamon Municipio, Puerto Rico",72021031121,243,215,200
"Census Tract 311.22, Bayamon Municipio, Puerto Rico",72021031122,238,226,250
"Census Tract 311.23, Bayamon Municipio, Puerto Rico",72021031123,218,190,200
"Census Tract 311.24, Bayamon Municipio, Puerto Rico",72021031124,203,200,200
"Census Tract 311.25, Bayamon Municipio, Puerto Rico",72021031125,200,187,150
"Census Tract 312.01, Bayamon Municipio, Puerto Rico",72021031201,220,197,150
"Census Tract 312.02, Bayamon Municipio, Puerto Rico",72021031202,271,239,200
"Census Tract 312.03, Bayamon Municipio, Puerto Rico",72021031203,242,224,250
"Census Tract 313.01, Bayamon Municipio, Puerto Rico",72021031301,229,207,200
"Census Tract 313.04, Bayamon Municipio, Puerto Rico",72021031304,243,206,200
"Census Tract 313.05, Bayamon Municipio, Puerto Rico",72021031305,338,297,300
"Census Tract 313.06, Bayamon Municipio, Puerto Rico",72021031306,252,223,200
"Census Tract 313.07, Bayamon Municipio, Puerto Rico",72021031307,290,264,250
"Census Tract 314.01, Bayamon Municipio, Puerto Rico",72021031401,221,215,200
"Census Tract 314.02, Bayamon Municipio, Puerto Rico",72021031402,198,178,200
"Census Tract 314.03, Bayamon Municipio, Puerto Rico",72021031403,195,182,200
"Census Tract 315.01, Bayamon Municipio, Puerto Rico",72021031501,192,166,150
"Census Tract 315.02, Bayamon Municipio, Puerto Rico",72021031502,247,235,250
"Census Tract 315.03, Bayamon Municipio, Puerto Rico",72021031503,279,280,300
"Census Tract 316.11, Bayamon Municipio, Puerto Rico",72021031611,180,167,150
"Census Tract 316.12, Bayamon Municipio, Puerto Rico",72021031612,379,324,300
"Census Tract 316.21, Bayamon Municipio, Puerto Rico",72021031621,149,140,150
"Census Tract 316.22, Bayamon Municipio, Puerto Rico",72021031622,239,203,200
"Census Tract 316.31, Bayamon Municipio, Puerto Rico",72021031631,324,316,300
"Census Tract 316.32, Bayamon Municipio, Puerto Rico",72021031632,307,290,300
"Census Tract 316.41, Bayamon Municipio, Puerto Rico",72021031641,271,250,250
"Census Tract 316.51, Bayamon Municipio, Puerto Rico",72021031651,217,201,200
"Census Tract 317.01, Bayamon Municipio, Puerto Rico",72021031701,292,252,250
"Census Tract 317.02, Bayamon Municipio, Puerto Rico",72021031702,329,278,250
"Census Tract 317.03, Bayamon Municipio, Puerto Rico",72021031703,252,243,250
"Census Tract 317.04, Bayamon Municipio, Puerto Rico",72021031704,210,189,200
"Census Tract 318, Bayamon Municipio, Puerto Rico",72021031800,305,247,250
"Census Tract 319, Bayamon Municipio, Puerto Rico",72021031900,203,191,200
"Census Tract 320, Bayamon Municipio, Puerto Rico",72021032000,134,117,100
"Census Tract 321, Bayamon Municipio, Puerto Rico",72021032100,247,202,200
"Census Tract 322, Bayamon Municipio, Puerto Rico",72021032200,259,234,200
"Census Tract 323.01, Bayamon Municipio, Puerto Rico",72021032301,205,179,150
"Census Tract 323.02, Bayamon Municipio, Puerto Rico",72021032302,217,215,200
"Census Tract 8301.01, Cabo Rojo Municipio, Puerto Rico",72023830101,327,296,300
"Census Tract 9590, San Sebastian Municipio, Puerto Rico",72131959000,278,268,250
"Census Tract 9592, San Sebastian Municipio, Puerto Rico",72131959200,191,183,150
"Census Tract 9593, San Sebastian Municipio, Puerto Rico",72131959300,265,234,250
"Census Tract 9595, San Sebastian Municipio, Puerto Rico",72131959500,196,186,150
"Census Tract 9533, Santa Isabel Municipio, Puerto Rico",72133953300,264,249,250
"Census Tract 9535, Santa Isabel Municipio, Puerto Rico",72133953500,258,227,200
"Census Tract 9536, Santa Isabel Municipio, Puerto Rico",72133953600,207,191,150
"Census Tract 9537, Santa Isabel Municipio, Puerto Rico",72133953700,254,233,250
"Census Tract 9538, Santa Isabel Municipio, Puerto Rico",72133953800,194,183,200
"Census Tract 9900, Santa Isabel Municipio, Puerto Rico",72133990000,0,0,0
"Census Tract 5101.01, Toa Alta Municipio, Puerto Rico",72135510101,323,309,300
"Census Tract 5101.02, Toa Alta Municipio, Puerto Rico",72135510102,278,256,250
"Census Tract 5102, Toa Alta Municipio, Puerto Rico",72135510200,335,315,300
"Census Tract 5103, Toa Alta Municipio, Puerto Rico",72135510300,200,178,200
"Census Tract 5104, Toa Alta Municipio, Puerto Rico",72135510400,314,287,300
"Census Tract 5105.02, Toa Alta Municipio, Puerto Rico",72135510502,332,302,250
"Census Tract 5105.03, Toa Alta Municipio, Puerto Rico",72135510503,345,310,350
"Census Tract 5105.04, Toa Alta Municipio, Puerto Rico",72135510504,311,300,300
"Census Tract 5105.05, Toa Alta Municipio, Puerto Rico",72135510505,285,259,250
"Census Tract 5106.01, Toa Alta Municipio, Puerto Rico",72135510601,291,277,300
"Census Tract 5106.02, Toa Alta Municipio, Puerto Rico",72135510602,252,226,200
"Census Tract 5107.01, Toa Alta Municipio, Puerto Rico",72135510701,226,205,200
"Census Tract 5107.02, Toa Alta Municipio, Puerto Rico",72135510702,303,282,250
"Census Tract 1202, Toa Baja Municipio, Puerto Rico",72137120200,234,206,200
"Census Tract 1203, Toa Baja Municipio, Puerto Rico",72137120300,161,148,150
"Census Tract 1204, Toa Baja Municipio, Puerto Rico",72137120400,166,164,200
"Census Tract 1205, Toa Baja Municipio, Puerto Rico",72137120500,173,141,150
"Census Tract 1206, Toa Baja Municipio, Puerto Rico",72137120600,225,209,200
"Census Tract 1207, Toa Baja Municipio, Puerto Rico",72137120700,128,123,150
"Census Tract 1208, Toa Baja Municipio, Puerto Rico",72137120800,286,242,200
"Census Tract 1209, Toa Baja Municipio, Puerto Rico",72137120900,289,256,250
"Census Tract 1210.01, Toa Baja Municipio, Puerto Rico",72137121001,247,241,250
"Census Tract 1210.02, Toa Baja Municipio, Puerto Rico",72137121002,255,246,250
"Census Tract 1211, Toa Baja Municipio, Puerto Rico",72137121100,200,177,200
"Census Tract 1212, Toa Baja Municipio, Puerto Rico",72137121200,210,192,200
"Census Tract 1213, Toa Baja Municipio, Puerto Rico",72137121300,177,150,150
"Census Tract 1214, Toa Baja Municipio, Puerto Rico",72137121400,193,189,200
"Census Tract 1217.01, Toa Baja Municipio, Puerto Rico",72137121701,265,268,250
"Census Tract 1217.02, Toa Baja Municipio, Puerto Rico",72137121702,187,171,150
"Census Tract 1218.01, Toa Baja Municipio, Puerto Rico",72137121801,181,145,150
"Census Tract 1218.02, Toa Baja Municipio, Puerto Rico",72137121802,201,186,200
"Census Tract 1219, Toa Baja Municipio, Puerto Rico",72137121900,202,180,200
"Census Tract 1220.01, Toa Baja Municipio, Puerto Rico",72137122001,317,284,250
"Census Tract 1220.02, Toa Baja Municipio, Puerto Rico",72137122002,269,229,250
"Census Tract 8301.02, Cabo Rojo Municipio, Puerto Rico",72023830102,355,309,300
"Census Tract 8302, Cabo Rojo Municipio, Puerto Rico",72023830200,258,227,200
"Census Tract 8303, Cabo Rojo Municipio, Puerto Rico",72023830300,171,149,150
"Census Tract 8304, Cabo Rojo Municipio, Puerto Rico",72023830400,211,188,150
"Census Tract 8305.02, Cabo Rojo Municipio, Puerto Rico",72023830502,242,238,200
"Census Tract 8305.03, Cabo Rojo Municipio, Puerto Rico",72023830503,183,171,150
"Census Tract 8305.04, Cabo Rojo Municipio, Puerto Rico",72023830504,223,216,250
"Census Tract 8306.03, Cabo Rojo Municipio, Puerto Rico",72023830603,357,318,300
"Census Tract 8306.04, Cabo Rojo Municipio, Puerto Rico",72023830604,150,138,100
"Census Tract 9800, Cabo Rojo Municipio, Puerto Rico",72023980000,0,0,0
"Census Tract 9900, Cabo Rojo Municipio, Puerto Rico",72023990000,0,0,0
"Census Tract 2001, Caguas Municipio, Puerto Rico",72025200100,317,264,250
"Census Tract 2002, Caguas Municipio, Puerto Rico",72025200200,244,195,200
"Census Tract 2003.02, Caguas Municipio, Puerto Rico",72025200302,310,288,300
"Census Tract 2003.03, Caguas Municipio, Puerto Rico",72025200303,370,336,300
"Census Tract 2003.04, Caguas Municipio, Puerto Rico",72025200304,247,205,200
"Census Tract 2004, Caguas Municipio, Puerto Rico",72025200400,249,231,200
"Census Tract 2005, Caguas Municipio, Puerto Rico",72025200500,244,217,200
"Census Tract 2006, Caguas Municipio, Puerto Rico",72025200600,280,261,250
"Census Tract 2007, Caguas Municipio, Puerto Rico",72025200700,293,284,250
"Census Tract 2008, Caguas Municipio, Puerto Rico",72025200800,228,190,200
"Census Tract 2009, Caguas Municipio, Puerto Rico",72025200900,198,182,200
"Census Tract 2010, Caguas Municipio, Puerto Rico",72025201000,158,154,150
"Census Tract 2012, Caguas Municipio, Puerto Rico",72025201200,206,193,200
"Census Tract 2013, Caguas Municipio, Puerto Rico",72025201300,208,184,200
"Census Tract 2014, Caguas Municipio, Puerto Rico",72025201400,294,241,200
"Census Tract 2015, Caguas Municipio, Puerto Rico",72025201500,214,195,200
"Census Tract 2016, Caguas Municipio, Puerto Rico",72025201600,179,159,150
"Census Tract 2017, Caguas Municipio, Puerto Rico",72025201700,260,256,250
"Census Tract 2018, Caguas Municipio, Puerto Rico",72025201800,229,209,200
"Census Tract 2019, Caguas Municipio, Puerto Rico",72025201900,180,144,150
"Census Tract 2020, Caguas Municipio, Puerto Rico",72025202000,271,227,200
"Census Tract 2021, Caguas Municipio, Puerto Rico",72025202100,211,200,200
"Census Tract 2022, Caguas Municipio, Puerto Rico",72025202200,212,184,200
"Census Tract 2023, Caguas Municipio, Puerto Rico",72025202300,226,214,200
"Census Tract 2024.02, Caguas Municipio, Puerto Rico",72025202402,331,307,300
"Census Tract 2024.03, Caguas Municipio, Puerto Rico",72025202403,247,226,200
"Census Tract 2024.04, Caguas Municipio, Puerto Rico",72025202404,285,263,250
"Census Tract 2025, Caguas Municipio, Puerto Rico",72025202500,253,224,200
"Census Tract 2026.01, Caguas Municipio, Puerto Rico",72025202601,237,220,200
"Census Tract 2026.02, Caguas Municipio, Puerto Rico",72025202602,324,307,300
"Census Tract 2027.01, Caguas Municipio, Puerto Rico",72025202701,311,279,300
"Census Tract 2027.02, Caguas Municipio, Puerto Rico",72025202702,346,288,250
"Census Tract 2028, Caguas Municipio, Puerto Rico",72025202800,250,223,200
"Census Tract 1221, Toa Baja Municipio, Puerto Rico",72137122100,261,233,200
"Census Tract 1222.01, Toa Baja Municipio, Puerto Rico",72137122201,211,188,150
"Census Tract 1222.02, Toa Baja Municipio, Puerto Rico",72137122202,193,168,150
"Census Tract 1224, Toa Baja Municipio, Puerto Rico",72137122400,195,168,150
"Census Tract 9900, Toa Baja Municipio, Puerto Rico",72137990000,0,0,0
"Census Tract 601.02, Trujillo Alto Municipio, Puerto Rico",72139060102,254,241,250
"Census Tract 601.03, Trujillo Alto Municipio, Puerto Rico",72139060103,202,191,200
"Census Tract 601.04, Trujillo Alto Municipio, Puerto Rico",72139060104,199,198,200
"Census Tract 602.11, Trujillo Alto Municipio, Puerto Rico",72139060211,247,234,200
"Census Tract 602.12, Trujillo Alto Municipio, Puerto Rico",72139060212,320,295,300
"Census Tract 602.13, Trujillo Alto Municipio, Puerto Rico",72139060213,216,217,200
"Census Tract 602.22, Trujillo Alto Municipio, Puerto Rico",72139060222,375,348,350
"Census Tract 602.23, Trujillo Alto Municipio, Puerto Rico",72139060223,268,262,250
"Census Tract 603.01, Trujillo Alto Municipio, Puerto Rico",72139060301,443,387,350
"Census Tract 603.02, Trujillo Alto Municipio, Puerto Rico",72139060302,285,223,200
"Census Tract 604.01, Trujillo Alto Municipio, Puerto Rico",72139060401,280,248,250
"Census Tract 604.03, Trujillo Alto Municipio, Puerto Rico",72139060403,297,283,250
"Census Tract 604.04, Trujillo Alto Municipio, Puerto Rico",72139060404,315,303,300
"Census Tract 605.01, Trujillo Alto Municipio, Puerto Rico",72139060501,331,342,350
"Census Tract 605.02, Trujillo Alto Municipio, Puerto Rico",72139060502,247,239,250
"Census Tract 9569, Utuado Municipio, Puerto Rico",72141956900,292,244,200
"Census Tract 9570, Utuado Municipio, Puerto Rico",72141957000,301,265,250
"Census Tract 9571, Utuado Municipio, Puerto Rico",72141957100,317,281,250
"Census Tract 9572, Utuado Municipio, Puerto Rico",72141957200,299,270,250
"Census Tract 9573, Utuado Municipio, Puerto Rico",72141957300,234,212,200
"Census Tract 9574, Utuado Municipio, Puerto Rico",72141957400,256,223,200
"Census Tract 9575, Utuado Municipio, Puerto Rico",72141957500,157,141,150
"Census Tract 9576, Utuado Municipio, Puerto Rico",72141957600,210,195,200
"Census Tract 5501, Vega Alta Municipio, Puerto Rico",72143550100,351,301,300
"Census Tract 5502, Vega Alta Municipio, Puerto Rico",72143550200,186,146,150
"Census Tract 5503, Vega Alta Municipio, Puerto Rico",72143550300,340,328,300
"Census Tract 5504, Vega Alta Municipio, Puerto Rico",72143550400,252,242,250
"Census Tract 5505, Vega Alta Municipio, Puerto Rico",72143550500,527,495,450
"Census Tract 5506.01, Vega Alta Municipio, Puerto Rico",72143550601,305,265,250
"Census Tract 5506.02, Vega Alta Municipio, Puerto Rico",72143550602,287,275,250
"Census Tract 9900, Vega Alta Municipio, Puerto Rico",72143990000,0,0,0
"Census Tract 5601, Vega Baja Municipio, Puerto Rico",72145560100,198,201,200
"Census Tract 5602.01, Vega Baja Municipio, Puerto Rico",72145560201,168,179,200
"Census Tract 5602.04, Vega Baja Municipio, Puerto Rico",72145560204,204,189,200
"Census Tract 5603, Vega Baja Municipio, Puerto Rico",72145560300,246,215,200
"Census Tract 5604.01, Vega Baja Municipio, Puerto Rico",72145560401,161,134,150
"Census Tract 5604.02, Vega Baja Municipio, Puerto Rico",72145560402,311,303,300
"Census Tract 5605, Vega Baja Municipio, Puerto Rico",72145560500,150,156,150
"Census Tract 3201, Camuy Municipio, Puerto Rico",72027320100,209,203,200
"Census Tract 3202, Camuy Municipio, Puerto Rico",72027320200,268,236,250
"Census Tract 3203, Camuy Municipio, Puerto Rico",72027320300,309,286,250
"Census Tract 3204.01, Camuy Municipio, Puerto Rico",72027320401,285,277,250
"Census Tract 3204.02, Camuy Municipio, Puerto Rico",72027320402,289,257,200
"Census Tract 3205, Camuy Municipio, Puerto Rico",72027320500,293,242,250
"Census Tract 3206, Camuy Municipio, Puerto Rico",72027320600,330,289,300
"Census Tract 9900, Camuy Municipio, Puerto Rico",72027990000,0,0,0
"Census Tract 1001.01, Canovanas Municipio, Puerto Rico",72029100101,207,199,200
"Census Tract 1001.03, Canovanas Municipio, Puerto Rico",72029100103,180,167,150
"Census Tract 1001.04, Canovanas Municipio, Puerto Rico",72029100104,328,301,250
"Census Tract 1002, Canovanas Municipio, Puerto Rico",72029100200,235,215,200
"Census Tract 1004, Canovanas Municipio, Puerto Rico",72029100400,254,229,250
"Census Tract 1005.02, Canovanas Municipio, Puerto Rico",72029100502,227,215,250
"Census Tract 1005.03, Canovanas Municipio, Puerto Rico",72029100503,376,368,350
"Census Tract 1005.04, Canovanas Municipio, Puerto Rico",72029100504,247,209,200
"Census Tract 1006.01, Canovanas Municipio, Puerto Rico",72029100601,164,132,150
"Census Tract 1006.02, Canovanas Municipio, Puerto Rico",72029100602,219,178,150
"Census Tract 1007, Canovanas Municipio, Puerto Rico",72029100700,256,232,250
"Census Tract 1008, Canovanas Municipio, Puerto Rico",72029100800,142,128,150
"Census Tract 501.03, Carolina Municipio, Puerto Rico",72031050103,199,182,200
"Census Tract 501.05, Carolina Municipio, Puerto Rico",72031050105,207,172,150
"Census Tract 501.06, Carolina Municipio, Puerto Rico",72031050106,88,79,80
"Census Tract 501.07, Carolina Municipio, Puerto Rico",72031050107,156,145,150
"Census Tract 501.10, Carolina Municipio, Puerto Rico",72031050110,245,249,250
"Census Tract 501.11, Carolina Municipio, Puerto Rico",72031050111,154,132,150
"Census Tract 502.11, Carolina Municipio, Puerto Rico",72031050211,281,240,200
"Census Tract 502.12, Carolina Municipio, Puerto Rico",72031050212,239,198,200
"Census Tract 502.21, Carolina Municipio, Puerto Rico",72031050221,216,194,200
"Census Tract 502.22, Carolina Municipio, Puerto Rico",72031050222,329,301,250
"Census Tract 502.31, Carolina Municipio, Puerto Rico",72031050231,254,235,200
"Census Tract 502.32, Carolina Municipio, Puerto Rico",72031050232,257,241,250
"Census Tract 502.41, Carolina Municipio, Puerto Rico",72031050241,426,372,350
"Census Tract 502.42, Carolina Municipio, Puerto Rico",72031050242,311,291,300
"Census Tract 503.02, Carolina Municipio, Puerto Rico",72031050302,258,246,250
"Census Tract 503.11, Carolina Municipio, Puerto Rico",72031050311,191,157,150
"Census Tract 503.21, Carolina Municipio, Puerto Rico",72031050321,327,298,300
"Census Tract 503.31, Carolina Municipio, Puerto Rico",72031050331,256,233,200
"Census Tract 503.41, Carolina Municipio, Puerto Rico",72031050341,331,287,300
"Census Tract 504.01, Carolina Municipio, Puerto Rico",72031050401,151,152,150
"Census Tract 504.02, Carolina Municipio, Puerto Rico",72031050402,306,287,250
"Census Tract 505.01, Carolina Municipio, Puerto Rico",72031050501,285,279,250
"Census Tract 505.03, Carolina Municipio, Puerto Rico",72031050503,315,272,250
"Census Tract 505.04, Carolina Municipio, Puerto Rico",72031050504,320,280,300
"Census Tract 506, Carolina Municipio, Puerto Rico",72031050600,246,226,200
"Census Tract 507, Carolina Municipio, Puerto Rico",72031050700,153,135,150
"Census Tract 508.03, Carolina Municipio, Puerto Rico",72031050803,297,270,250
"Census Tract 508.11, Carolina Municipio, Puerto Rico",72031050811,309,293,300
"Census Tract 508.12, Carolina Municipio, Puerto Rico",72031050812,317,305,300
"Census Tract 508.21, Carolina Municipio, Puerto Rico",72031050821,348,328,350
"Census Tract 508.22, Carolina Municipio, Puerto Rico",72031050822,291,284,300
"Census Tract 508.31, Carolina Municipio, Puerto Rico",72031050831,356,318,300
"Census Tract 508.41, Carolina Municipio, Puerto Rico",72031050841,174,146,100
"Census Tract 509.01, Carolina Municipio, Puerto Rico",72031050901,414,389,400
"Census Tract 509.02, Carolina Municipio, Puerto Rico",72031050902,236,208,200
"Census Tract 510.01, Carolina Municipio, Puerto Rico",72031051001,297,263,250
"Census Tract 510.02, Carolina Municipio, Puerto Rico",72031051002,256,241,200
"Census Tract 511.02, Carolina Municipio, Puerto Rico",72031051102,261,227,250
"Census Tract 511.03, Carolina Municipio, Puerto Rico",72031051103,341,309,300
"Census Tract 511.04, Carolina Municipio, Puerto Rico",72031051104,300,275,300
"Census Tract 9800.03, Carolina Municipio, Puerto Rico",72031980003,0,0,0
"Census Tract 9900, Carolina Municipio, Puerto Rico",72031990000,0,0,0
"Census Tract 202, Cata?o Municipio, Puerto Rico",72033020200,271,272,250
"Census Tract 203.02, Cata?o Municipio, Puerto Rico",72033020302,227,209,200
"Census Tract 204.03, Cata?o Municipio, Puerto Rico",72033020403,329,298,300
"Census Tract 204.22, Cata?o Municipio, Puerto Rico",72033020422,278,263,250
"Census Tract 204.23, Cata?o Municipio, Puerto Rico",72033020423,343,314,300
"Census Tract 204.25, Cata?o Municipio, Puerto Rico",72033020425,268,250,250
"Census Tract 204.26, Cata?o Municipio, Puerto Rico",72033020426,202,189,150
"Census Tract 204.27, Cata?o Municipio, Puerto Rico",72033020427,111,88,90
"Census Tract 205, Cata?o Municipio, Puerto Rico",72033020500,266,249,250
"Census Tract 9800.01, Cata?o Municipio, Puerto Rico",72033980001,0,0,0
"Census Tract 9800.02, Cata?o Municipio, Puerto Rico",72033980002,0,0,0
"Census Tract 9800.03, Cata?o Municipio, Puerto Rico",72033980003,16,18,20
"Census Tract 9800.04, Cata?o Municipio, Puerto Rico",72033980004,0,0,0
"Census Tract 9800.05, Cata?o Municipio, Puerto Rico",72033980005,0,0,
"Census Tract 9800.06, Cata?o Municipio, Puerto Rico",72033980006,0,0,0
"Census Tract 9800.07, Cata?o Municipio, Puerto Rico",72033980007,0,0,0
"Census Tract 9800.08, Cata?o Municipio, Puerto Rico",72033980008,0,0,0
"Census Tract 9902.01, Cata?o Municipio, Puerto Rico",72033990201,0,0,0
"Census Tract 2601, Cayey Municipio, Puerto Rico",72035260100,317,291,300
"Census Tract 2602.01, Cayey Municipio, Puerto Rico",72035260201,236,216,200
"Census Tract 2602.02, Cayey Municipio, Puerto Rico",72035260202,256,219,200
"Census Tract 2603, Cayey Municipio, Puerto Rico",72035260300,246,212,200
"Census Tract 2604, Cayey Municipio, Puerto Rico",72035260400,274,240,250
"Census Tract 2605, Cayey Municipio, Puerto Rico",72035260500,308,285,250
"Census Tract 2606, Cayey Municipio, Puerto Rico",72035260600,198,173,150
"Census Tract 2607, Cayey Municipio, Puerto Rico",72035260700,174,156,150
"Census Tract 2608, Cayey Municipio, Puerto Rico",72035260800,200,190,200
"Census Tract 2609.01, Cayey Municipio, Puerto Rico",72035260901,274,254,250
"Census Tract 2609.02, Cayey Municipio, Puerto Rico",72035260902,275,254,300
"Census Tract 1601, Ceiba Municipio, Puerto Rico",72037160100,4,,
"Census Tract 1602.01, Ceiba Municipio, Puerto Rico",72037160201,303,281,250
"Census Tract 1602.02, Ceiba Municipio, Puerto Rico",72037160202,229,208,200
"Census Tract 1603, Ceiba Municipio, Puerto Rico",72037160300,284,251,250
"Census Tract 9900, Ceiba Municipio, Puerto Rico",72037990000,0,0,0
"Census Tract 9556, Ciales Municipio, Puerto Rico",72039955600,314,302,300
"Census Tract 9557, Ciales Municipio, Puerto Rico",72039955700,164,147,150
"Census Tract 9558, Ciales Municipio, Puerto Rico",72039955800,299,298,300
"Census Tract 9559, Ciales Municipio, Puerto Rico",72039955900,300,254,250
"Census Tract 2401.01, Cidra Municipio, Puerto Rico",72041240101,332,297,300
"Census Tract 2401.02, Cidra Municipio, Puerto Rico",72041240102,259,247,200
"Census Tract 2402.01, Cidra Municipio, Puerto Rico",72041240201,266,230,200
"Census Tract 2402.02, Cidra Municipio, Puerto Rico",72041240202,235,220,200
"Census Tract 2403, Cidra Municipio, Puerto Rico",72041240300,226,196,200
"Census Tract 2404.01, Cidra Municipio, Puerto Rico",72041240401,283,240,250
"Census Tract 2404.02, Cidra Municipio, Puerto Rico",72041240402,211,158,150
"Census Tract 2405, Cidra Municipio, Puerto Rico",72041240500,304,270,250
"Census Tract 2406.01, Cidra Municipio, Puerto Rico",72041240601,323,280,250
"Census Tract 2406.02, Cidra Municipio, Puerto Rico",72041240602,277,236,200
"Census Tract 9539, Coamo Municipio, Puerto Rico",72043953900,200,191,200
"Census Tract 9540, Coamo Municipio, Puerto Rico",72043954000,239,230,250
"Census Tract 9541, Coamo Municipio, Puerto Rico",72043954100,238,223,200
"Census Tract 9542, Coamo Municipio, Puerto Rico",72043954200,220,207,200
"Census Tract 9543, Coamo Municipio, Puerto Rico",72043954300,208,210,200
"Census Tract 9544, Coamo Municipio, Puerto Rico",72043954400,255,232,250
"Census Tract 9545, Coamo Municipio, Puerto Rico",72043954500,289,264,250
"Census Tract 9546, Coamo Municipio, Puerto Rico",72043954600,309,271,250
"Census Tract 9547, Coamo Municipio, Puerto Rico",72043954700,264,252,250
"Census Tract 9517, Comerio Municipio, Puerto Rico",72045951700,256,207,150
"Census Tract 9518, Comerio Municipio, Puerto Rico",72045951800,334,278,250
"Census Tract 9519, Comerio Municipio, Puerto Rico",72045951900,181,158,150
"Census Tract 9520, Comerio Municipio, Puerto Rico",72045952000,211,193,200
"Census Tract 9521, Comerio Municipio, Puerto Rico",72045952100,276,250,250
"Census Tract 5301, Corozal Municipio, Puerto Rico",72047530100,217,178,200
"Census Tract 5302, Corozal Municipio, Puerto Rico",72047530200,371,373,350
"Census Tract 5303, Corozal Municipio, Puerto Rico",72047530300,232,213,200
"Census Tract 5304, Corozal Municipio, Puerto Rico",72047530400,258,243,250
"Census Tract 5305, Corozal Municipio, Puerto Rico",72047530500,306,272,250
"Census Tract 5306, Corozal Municipio, Puerto Rico",72047530600,266,236,250
"Census Tract 9505, Culebra Municipio, Puerto Rico",72049950500,225,225,200
"Census Tract 9905.01, Culebra Municipio, Puerto Rico",72049990501,0,0,0
"Census Tract 5401, Dorado Municipio, Puerto Rico",72051540100,188,168,150
"Census Tract 5402, Dorado Municipio, Puerto Rico",72051540200,292,255,250
"Census Tract 5403, Dorado Municipio, Puerto Rico",72051540300,234,240,250
"Census Tract 5404, Dorado Municipio, Puerto Rico",72051540400,353,298,250
"Census Tract 5405, Dorado Municipio, Puerto Rico",72051540500,302,276,300
"Census Tract 5406, Dorado Municipio, Puerto Rico",72051540600,331,284,250
"Census Tract 5407, Dorado Municipio, Puerto Rico",72051540700,233,207,200
"Census Tract 9900.21, Dorado Municipio, Puerto Rico",72051990021,0,0,0
"Census Tract 1501.02, Fajardo Municipio, Puerto Rico",72053150102,282,251,250
"Census Tract 1501.04, Fajardo Municipio, Puerto Rico",72053150104,298,271,250
"Census Tract 1502, Fajardo Municipio, Puerto Rico",72053150200,212,212,200
"Census Tract 1503.01, Fajardo Municipio, Puerto Rico",72053150301,299,251,250
"Census Tract 1503.02, Fajardo Municipio, Puerto Rico",72053150302,259,235,250
"Census Tract 1504, Fajardo Municipio, Puerto Rico",72053150400,285,249,250
"Census Tract 1505, Fajardo Municipio, Puerto Rico",72053150500,372,327,300
"Census Tract 1506.01, Fajardo Municipio, Puerto Rico",72053150601,184,154,150
"Census Tract 1506.02, Fajardo Municipio, Puerto Rico",72053150602,212,183,200
"Census Tract 9901.03, Fajardo Municipio, Puerto Rico",72053990103,0,0,0
"Census Tract 5801, Florida Municipio, Puerto Rico",72054580100,238,225,200
"Census Tract 5802, Florida Municipio, Puerto Rico",72054580200,251,233,250
"Census Tract 9609, Guanica Municipio, Puerto Rico",72055960900,271,224,200
"Census Tract 9610, Guanica Municipio, Puerto Rico",72055961000,161,139,150
"Census Tract 9611, Guanica Municipio, Puerto Rico",72055961100,189,197,200
"Census Tract 9612, Guanica Municipio, Puerto Rico",72055961200,187,164,150
"Census Tract 9613, Guanica Municipio, Puerto Rico",72055961300,231,217,200
"Census Tract 9614, Guanica Municipio, Puerto Rico",72055961400,137,116,100
"Census Tract 9615, Guanica Municipio, Puerto Rico",72055961500,169,155,150
"Census Tract 9900, Guanica Municipio, Puerto Rico",72055990000,0,0,0
"Census Tract 2701, Guayama Municipio, Puerto Rico",72057270100,255,226,200
"Census Tract 2702.01, Guayama Municipio, Puerto Rico",72057270201,195,188,200
"Census Tract 2702.02, Guayama Municipio, Puerto Rico",72057270202,738,688,700
"Census Tract 2703, Guayama Municipio, Puerto Rico",72057270300,196,190,150
"Census Tract 2704, Guayama Municipio, Puerto Rico",72057270400,191,163,150
"Census Tract 2705, Guayama Municipio, Puerto Rico",72057270500,181,154,200
"Census Tract 2706, Guayama Municipio, Puerto Rico",72057270600,210,195,200
"Census Tract 2707, Guayama Municipio, Puerto Rico",72057270700,202,193,200
"Census Tract 2708, Guayama Municipio, Puerto Rico",72057270800,282,257,250
"Census Tract 9926, Guayama Municipio, Puerto Rico",72057992600,0,0,0
"Census Tract 7401.01, Guayanilla Municipio, Puerto Rico",72059740101,325,290,300
"Census Tract 7401.02, Guayanilla Municipio, Puerto Rico",72059740102,208,183,200
"Census Tract 7402, Guayanilla Municipio, Puerto Rico",72059740200,361,325,350
"Census Tract 7403, Guayanilla Municipio, Puerto Rico",72059740300,271,254,250
"Census Tract 7404, Guayanilla Municipio, Puerto Rico",72059740400,343,288,300
"Census Tract 9900.01, Guayanilla Municipio, Puerto Rico",72059990001,0,0,0
"Census Tract 401.01, Guaynabo Municipio, Puerto Rico",72061040101,118,90,90
"Census Tract 401.02, Guaynabo Municipio, Puerto Rico",72061040102,211,181,150
"Census Tract 401.03, Guaynabo Municipio, Puerto Rico",72061040103,245,225,200
"Census Tract 402, Guaynabo Municipio, Puerto Rico",72061040200,292,247,250
"Census Tract 403.01, Guaynabo Municipio, Puerto Rico",72061040301,213,193,200
"Census Tract 403.02, Guaynabo Municipio, Puerto Rico",72061040302,163,155,150
"Census Tract 403.03, Guaynabo Municipio, Puerto Rico",72061040303,150,140,150
"Census Tract 403.04, Guaynabo Municipio, Puerto Rico",72061040304,239,219,200
"Census Tract 404.03, Guaynabo Municipio, Puerto Rico",72061040403,246,226,200
"Census Tract 404.11, Guaynabo Municipio, Puerto Rico",72061040411,369,313,300
"Census Tract 404.12, Guaynabo Municipio, Puerto Rico",72061040412,226,216,200
"Census Tract 404.21, Guaynabo Municipio, Puerto Rico",72061040421,416,379,350
"Census Tract 404.22, Guaynabo Municipio, Puerto Rico",72061040422,198,187,200
"Census Tract 404.32, Guaynabo Municipio, Puerto Rico",72061040432,195,188,200
"Census Tract 404.42, Guaynabo Municipio, Puerto Rico",72061040442,236,199,200
"Census Tract 405, Guaynabo Municipio, Puerto Rico",72061040500,266,221,200
"Census Tract 406.01, Guaynabo Municipio, Puerto Rico",72061040601,316,277,250
"Census Tract 406.02, Guaynabo Municipio, Puerto Rico",72061040602,392,317,250
"Census Tract 407, Guaynabo Municipio, Puerto Rico",72061040700,315,261,200
"Census Tract 408, Guaynabo Municipio, Puerto Rico",72061040800,212,177,150
"Census Tract 409, Guaynabo Municipio, Puerto Rico",72061040900,271,244,250
"Census Tract 410, Guaynabo Municipio, Puerto Rico",72061041000,133,103,90
"Census Tract 411, Guaynabo Municipio, Puerto Rico",72061041100,209,186,200
"Census Tract 2101, Gurabo Municipio, Puerto Rico",72063210100,268,233,250
"Census Tract 2102.01, Gurabo Municipio, Puerto Rico",72063210201,210,189,200
"Census Tract 2102.02, Gurabo Municipio, Puerto Rico",72063210202,344,291,300
"Census Tract 2103, Gurabo Municipio, Puerto Rico",72063210300,206,181,150
"Census Tract 2104, Gurabo Municipio, Puerto Rico",72063210400,263,256,250
"Census Tract 2105.02, Gurabo Municipio, Puerto Rico",72063210502,320,297,300
"Census Tract 2105.03, Gurabo Municipio, Puerto Rico",72063210503,278,270,250
"Census Tract 2105.04, Gurabo Municipio, Puerto Rico",72063210504,281,252,250
"Census Tract 3101, Hatillo Municipio, Puerto Rico",72065310100,325,277,250
"Census Tract 3102, Hatillo Municipio, Puerto Rico",72065310200,303,310,300
"Census Tract 3103, Hatillo Municipio, Puerto Rico",72065310300,246,237,200
"Census Tract 3104, Hatillo Municipio, Puerto Rico",72065310400,315,294,300
"Census Tract 3105, Hatillo Municipio, Puerto Rico",72065310500,287,242,250
"Census Tract 3106, Hatillo Municipio, Puerto Rico",72065310600,240,235,250
"Census Tract 9900.16, Hatillo Municipio, Puerto Rico",72065990016,0,0,0
"Census Tract 8201, Hormigueros Municipio, Puerto Rico",72067820100,300,295,300
"Census Tract 8203, Hormigueros Municipio, Puerto Rico",72067820300,355,348,350
"Census Tract 8204, Hormigueros Municipio, Puerto Rico",72067820400,233,228,200
"Census Tract 8205, Hormigueros Municipio, Puerto Rico",72067820500,337,311,300
"Census Tract 1801, Humacao Municipio, Puerto Rico",72069180100,330,307,300
"Census Tract 1802.01, Humacao Municipio, Puerto Rico",72069180201,173,143,150
"Census Tract 1802.02, Humacao Municipio, Puerto Rico",72069180202,271,241,250
